<?xml version="1.0" encoding="UTF-8" ?>

<buch>
  <autor>Peter Müller</autor>
  <verlag>Rheinwerk</verlag>
  <titel>Einstieg in HTML und CSS</titel>
  <kapitel>
    <ueberschrift><h1>, <h2>, <h3> bis <h6> sind Tags, die man in HTML nutzt um Überschriftenebenen auszuzeichnen.</ueberschrift>
  </kapitel>
  <kapitel>
    <ueberschrift>&lt;h1&gt;, &lt;h2&gt;, &lt;h3&gt; bis &lt;h6&gt; sind Tags, die man in HTML nutzt um Überschriftenebenen auszuzeichnen.</ueberschrift>
  </kapitel>
  <kapitel>
    <ueberschrift>
    <![CDATA[ 
      <h1>, <h2>, <h3> bis <h6> sind Tags, die man in HTML nutzt um Überschriftenebenen auszuzeichnen. 
    ]]>
    </ueberschrift>
  </kapitel>
</buch>