<?xml version="1.0" encoding="UTF-8" standalone="no" ?>

<musiksammlung>

  <album typ="CD" spielzeit="33:03">
    <besitzer>&ja;</besitzer>
    <label>Mute Records Limited</label>
    <interpret>Moby</interpret>
    <titel>Play</titel>
    <lied>Honey</lied>
    <lied>Find my baby</lied>
    <lied>Porcelain</lied>
    <lied>Why does my heart feel so bad?</lied>
    <lied>South side</lied>
    <lied>Rushing</lied>
    <lied>Bodyrock</lied>
    <lied>Natural Blues</lied>
    <lied>Machete</lied>
  </album>

  <album typ="Vinyl" spielzeit="35:06">
    <besitzer>&ja;</besitzer>
    <label>Sony Music</label>
    <gruppe>a-ha</gruppe>
    <titel>Minor earth and major sky</titel>
    <lied>Minor earth and major sky</lied>
    <lied>Little black</lied>
    <lied>...</lied>
  </album>

  <album typ="MP3" spielzeit="54:48">
    <besitzer>&ja;</besitzer>
    <label>Label</label>
    <interpret>Mesh</interpret>
    <titel>Fragmente</titel>
    <label>T-Summer Ltd.</label>
    <lied>Trust on you</lied>
    <lied>My defender</lied>
    <lied>...</lied>
  </album>

</musiksammlung>